<beans xmlns="http://www.springframework.org/schema/beans"
	xmlns:xsi="http://www.w3.org/2001/XMLSchema-instance" xmlns:tx="http://www.springframework.org/schema/tx"
	xsi:schemaLocation="http://www.springframework.org/schema/beans
	http://www.springframework.org/schema/beans/spring-beans-3.0.xsd http://www.springframework.org/schema/tx http://www.springframework.org/schema/tx/spring-tx.xsd">

	<bean id="dataSource" class="com.mchange.v2.c3p0.ComboPooledDataSource"
		destroy-method="close">
		<property name="driverClass" value="com.mysql.jdbc.Driver" />
		<property name="jdbcUrl"
			value="jdbc:mysql://localhost:3306/billsplit?autoReconnect=true" />
		<property name="user" value="root" />
		<property name="password" value="password" />

		<!-- C3P0 properties refer: http://www.mchange.com/projects/c3p0/ -->
		<property name="acquireIncrement" value="2" />
		<property name="minPoolSize" value="20" />
		<property name="maxPoolSize" value="50" />
		<property name="maxIdleTime" value="600" />
		</bean>

	<!-- Hibernate session factory -->
	<bean id="sessionFactory"
		class="org.springframework.orm.hibernate4.LocalSessionFactoryBean">
		<property name="dataSource">
			<ref bean="dataSource" />
		</property>

		<property name="hibernateProperties">
			<props>
				<prop key="hibernate.dialect">org.hibernate.dialect.MySQLDialect</prop>
				<prop key="hibernate.hbm2ddl.auto">create</prop>
			</props>
		</property>
		<property name="packagesToScan" value="com.billsplit.hibernate4" />
	</bean>

	<bean id="hibernateSessionFactory"
		class="com.billsplit.hibernate4.dao.impl.HibernateSessionFactoryImpl">
		<property name="sessionFactory" ref="sessionFactory" />
	</bean>

	<bean id="transactionManager"
		class="org.springframework.orm.hibernate4.HibernateTransactionManager">
		<property name="sessionFactory" ref="sessionFactory" />
	</bean>
	
	

	<tx:annotation-driven transaction-manager="transactionManager" />

</beans>

